Ticker,,,,,,,
BRK.B,,,,,,,
TSM,,,,,,,
V,,,,,,,
UNH,,,,,,,
XOM,,,,,,,
LLY,,,,,,,
JNJ,,,,,,,
JPM,,,,,,,
WMT,,,,,,,
NVO,,,,,,,
MA,,,,,,,
PG,,,,,,,
HD,,,,,,,
CVX,,,,,,,
ORCL,,,,,,,
MRK,,,,,,,
KO,,,,,,,
ABBV,,,,,,,
BAC,,,,,,,
BABA,,,,,,,
PFE,,,,,,,
NVS,,,,,,,
BHP,,,,,,,
MCD,,,,,,,
CRM,,,,,,,
TMO,,,,,,,
SHEL,,,,,,,
TM,,,,,,,
ACN,,,,,,,
FMX,,,,,,,
LIN,,,,,,,
ABT,,,,,,,
DHR,,,,,,,
DIS,,,,,,,
NKE,,,,,,,
WFC,,,,,,,
SAP,,,,,,,
HSBC,,,,,,,
NEE,,,,,,,
VZ,,,,,,,
UPS,,,,,,,
RTX,,,,,,,
MS,,,,,,,
TTE,,,,,,,
PM,,,,,,,
BMY,,,,,,,
BA,,,,,,,
RY,,,,,,,
AXP,,,,,,,
COP,,,,,,,
UL,,,,,,,
LOW,,,,,,,
IBM,,,,,,,
UNP,,,,,,,
SPGI,,,,,,,
CAT,,,,,,,
HDB,,,,,,,
SONY,,,,,,,
LMT,,,,,,,
GE,,,,,,,
PLD,,,,,,,
T,,,,,,,
DE,,,,,,,
GS,,,,,,,
MDT,,,,,,,
ELV,,,,,,,
NOW,,,,,,,
BUD,,,,,,,
TD,,,,,,,
BX,,,,,,,
SYK,,,,,,,
RIO,,,,,,,
BP,,,,,,,
BLK,,,,,,,
SCHW,,,,,,,
DEO,,,,,,,
C,,,,,,,
CVS,,,,,,,
TJX,,,,,,,
AMT,,,,,,,
EQNR,,,,,,,
MMC,,,,,,,
PBR,,,,,,,
MUFG,,,,,,,
UBER,,,,,,,
MO,,,,,,,
IBN,,,,,,,
PBR.A,,,,,,,
CB,,,,,,,
CI,,,,,,,
SHOP,,,,,,,
ENB,,,,,,,
PGR,,,,,,,
SO,,,,,,,
CNI,,,,,,,
ZTS,,,,,,,
HCA,,,,,,,
ETN,,,,,,,
BSX,,,,,,,
BTI,,,,,,,
CP,,,,,,,
ITW,,,,,,,
AMX,,,,,,,
GSK,,,,,,,
BDX,,,,,,,
FI,,,,,,,
DUK,,,,,,,
NOC,,,,,,,
SLB,,,,,,,
EOG,,,,,,,
WM,,,,,,,
EL,,,,,,,
AON,,,,,,,
INFY,,,,,,,
HUM,,,,,,,
SHW,,,,,,,
UBS,,,,,,,
APD,,,,,,,
CL,,,,,,,
VALE,,,,,,,
BMO,,,,,,,
KKR,,,,,,,
ICE,,,,,,,
CNQ,,,,,,,
RELX,,,,,,,
MCO,,,,,,,
TGT,,,,,,,
BNS,,,,,,,
GD,,,,,,,
TRI,,,,,,,
EPD,,,,,,,
VMW,,,,,,,
FDX,,,,,,,
SAN,,,,,,,
SNOW,,,,,,,
CMG,,,,,,,
SCCO,,,,,,,
MMM,,,,,,,
SMFG,,,,,,,
ITUB,,,,,,,
RACE,,,,,,,
FCX,,,,,,,
F,,,,,,,
OXY,,,,,,,
MCK,,,,,,,
HSY,,,,,,,
STLA,,,,,,,
PNC,,,,,,,
PSA,,,,,,,
EW,,,,,,,
TAK,,,,,,,
USB,,,,,,,
ECL,,,,,,,
CCI,,,,,,,
HMC,,,,,,,
GM,,,,,,,
BN,,,,,,,
ANET,,,,,,,
NGG,,,,,,,
NSC,,,,,,,
MPC,,,,,,,
GIS,,,,,,,
PXD,,,,,,,
ROP,,,,,,,
EMR,,,,,,,
E,,,,,,,
ING,,,,,,,
ABEV,,,,,,,
MSI,,,,,,,
APH,,,,,,,
SRE,,,,,,,
BSBR,,,,,,,
PSX,,,,,,,
PH,,,,,,,
KMB,,,,,,,
RSG,,,,,,,
STZ,,,,,,,
WDS,,,,,,,
TDG,,,,,,,
D,,,,,,,
LVS,,,,,,,
AJG,,,,,,,
TFC,,,,,,,
JCI,,,,,,,
KVUE,,,,,,,
AZO,,,,,,,
BBVA,,,,,,,
COF,,,,,,,
STM,,,,,,,
PCG,,,,,,,
HES,,,,,,,
BCE,,,,,,,
TRP,,,,,,,
MET,,,,,,,
SPG,,,,,,,
TWTR,,,,,,,
VLO,,,,,,,
O,,,,,,,
AFL,,,,,,,
APO,,,,,,,
CTVA,,,,,,,
AIG,,,,,,,
ET,,,,,,,
TRV,,,,,,,
TEL,,,,,,,
TT,,,,,,,
WELL,,,,,,,
SU,,,,,,,
CM,,,,,,,
SQ,,,,,,,
ADM,,,,,,,
DHI,,,,,,,
PUK,,,,,,,
ALC,,,,,,,
KMI,,,,,,,
IQV,,,,,,,
MFG,,,,,,,
MSCI,,,,,,,
WMB,,,,,,,
LYG,,,,,,,
HLN,,,,,,,
HLT,,,,,,,
CARR,,,,,,,
DOW,,,,,,,
YUM,,,,,,,
CNC,,,,,,,
NUE,,,,,,,
SYY,,,,,,,
SE,,,,,,,
CRH,,,,,,,
BBD,,,,,,,
LHX,,,,,,,
OTIS,,,,,,,
MFC,,,,,,,
ABC,,,,,,,
GWW,,,,,,,
WCN,,,,,,,
DELL,,,,,,,
AME,,,,,,,
ROK,,,,,,,
BK,,,,,,,
A,,,,,,,
NU,,,,,,,
DG,,,,,,,
MPLX,,,,,,,
NEM,,,,,,,
QSR,,,,,,,
PPG,,,,,,,
AMP,,,,,,,
CVE,,,,,,,
KR,,,,,,,
LEN,,,,,,,
ED,,,,,,,
DD,,,,,,,
VICI,,,,,,,
FIS,,,,,,,
PLTR,,,,,,,
CMI,,,,,,,
DVN,,,,,,,
CHT,,,,,,,
RMD,,,,,,,
PEG,,,,,,,
PRU,,,,,,,
BCS,,,,,,,
ORAN,,,,,,,
BF.A,,,,,,,
VEEV,,,,,,,
GOLD,,,,,,,
DLR,,,,,,,
FERG,,,,,,,
HPQ,,,,,,,
SLF,,,,,,,
NWG,,,,,,,
LYB,,,,,,,
ALL,,,,,,,
NTR,,,,,,,
HAL,,,,,,,
SPOT,,,,,,,
KEYS,,,,,,,
MTD,,,,,,,
CPNG,,,,,,,
DFS,,,,,,,
AWK,,,,,,,
ZBH,,,,,,,
WEC,,,,,,,
FNV,,,,,,,
TLK,,,,,,,
ARES,,,,,,,
DASH,,,,,,,
TU,,,,,,,
VMC,,,,,,,
EFX,,,,,,,
IT,,,,,,,
OKE,,,,,,,
GLW,,,,,,,
URI,,,,,,,
PWR,,,,,,,
APTV,,,,,,,
AVB,,,,,,,
GPN,,,,,,,
MLM,,,,,,,
EIX,,,,,,,
WIT,,,,,,,
XYL,,,,,,,
WST,,,,,,,
HUBS,,,,,,,
ALB,,,,,,,
AEM,,,,,,,
IR,,,,,,,
DAL,,,,,,,
YUMC,,,,,,,
ES,,,,,,,
EQR,,,,,,,
STT,,,,,,,
GIB,,,,,,,
FTV,,,,,,,
CBRE,,,,,,,
MKC,,,,,,,
TEF,,,,,,,
RBLX,,,,,,,
RCL,,,,,,,
UDR,,,,,,,
RCI,,,,,,,
MT,,,,,,,
DTE,,,,,,,
CHD,,,,,,,
PKX,,,,,,,
K,,,,,,,
ZTO,,,,,,,
NOK,,,,,,,
HRL,,,,,,,
FE,,,,,,,
HIG,,,,,,,
AEE,,,,,,,
DB,,,,,,,
CAH,,,,,,,
TECK,,,,,,,
WY,,,,,,,
GPC,,,,,,,
ETR,,,,,,,
BEKE,,,,,,,
EC,,,,,,,
INVH,,,,,,,
MTB,,,,,,,
UMC,,,,,,,
ELP,,,,,,,
NET,,,,,,,
EXR,,,,,,,
FTS,,,,,,,
ARE,,,,,,,
BAX,,,,,,,
WPM,,,,,,,
RTO,,,,,,,
IFF,,,,,,,
ROL,,,,,,,
STE,,,,,,,
HPE,,,,,,,
RJF,,,,,,,
SQM,,,,,,,
GRMN,,,,,,,
AIU,,,,,,,
HEI.A,,,,,,,
DOV,,,,,,,
DRI,,,,,,,
PPL,,,,,,,
HEI,,,,,,,
LH,,,,,,,
IX,,,,,,,
CLX,,,,,,,
HWM,,,,,,,
LYV,,,,,,,
FICO,,,,,,,
OMC,,,,,,,
NVR,,,,,,,
CTRA,,,,,,,
TDY,,,,,,,
CNHI,,,,,,,
ASX,,,,,,,
PAYC,,,,,,,
LUV,,,,,,,
KOF,,,,,,,
CNP,,,,,,,
VTR,,,,,,,
BR,,,,,,,
BRO,,,,,,,
TSN,,,,,,,
PHG,,,,,,,
MKL,,,,,,,
PBA,,,,,,,
MAA,,,,,,,
WAB,,,,,,,
CMS,,,,,,,
EBR,,,,,,,
FLT,,,,,,,
RF,,,,,,,
COO,,,,,,,
RKT,,,,,,,
ATO,,,,,,,
SUI,,,,,,,
CCL,,,,,,,
BIP,,,,,,,
UWMC,,,,,,,
MOH,,,,,,,
LW,,,,,,,
BALL,,,,,,,
PINS,,,,,,,
HUBB,,,,,,,
CAG,,,,,,,
BBY,,,,,,,
TS,,,,,,,
TYL,,,,,,,
TRGP,,,,,,,
IRM,,,,,,,
SNAP,,,,,,,
SJM,,,,,,,
PHM,,,,,,,
CHWY,,,,,,,
IEX,,,,,,,
BLDR,,,,,,,
FDS,,,,,,,
OWL,,,,,,,
IPG,,,,,,,
DT,,,,,,,
ESS,,,,,,,
MGA,,,,,,,
DGX,,,,,,,
WPC,,,,,,,
MGM,,,,,,,
WAT,,,,,,,
RE,,,,,,,
WRB,,,,,,,
AGR,,,,,,,
VIV,,,,,,,
MRO,,,,,,,
AMCR,,,,,,,
J,,,,,,,
IOT,,,,,,,
KB,,,,,,,
AMH,,,,,,,
RS,,,,,,,
SYF,,,,,,,
AER,,,,,,,
WLK,,,,,,,
TAP,,,,,,,
RVTY,,,,,,,
TRU,,,,,,,
SNA,,,,,,,
BEP,,,,,,,
GFI,,,,,,,
EQT,,,,,,,
GFL,,,,,,,
GGG,,,,,,,
CPB,,,,,,,
SHG,,,,,,,
FMC,,,,,,,
CFG,,,,,,,
BG,,,,,,,
WSO,,,,,,,
FMS,,,,,,,
BAH,,,,,,,
AES,,,,,,,
U,,,,,,,
L,,,,,,,
AVY,,,,,,,
AVTR,,,,,,,
TXT,,,,,,,
SWK,,,,,,,
SNN,,,,,,,
CCJ,,,,,,,
BEN,,,,,,,
TME,,,,,,,
CF,,,,,,,
BAM,,,,,,,
NIO,,,,,,,
DECK,,,,,,,
ELS,,,,,,,
CE,,,,,,,
KMX,,,,,,,
JBL,,,,,,,
MMP,,,,,,,
EPAM,,,,,,,
MAS,,,,,,,
H,,,,,,,
SUZ,,,,,,,
BILL,,,,,,,
PEN,,,,,,,
CPT,,,,,,,
ACI,,,,,,,
KIM,,,,,,,
CSL,,,,,,,
IHG,,,,,,,
PKG,,,,,,,
WPP,,,,,,,
TWLO,,,,,,,
MOS,,,,,,,
DKS,,,,,,,
TOST,,,,,,,
ACM,,,,,,,
PEAK,,,,,,,
JHX,,,,,,,
LDOS,,,,,,,
NI,,,,,,,
TFX,,,,,,,
GDDY,,,,,,,
BAP,,,,,,,
NMR,,,,,,,
IP,,,,,,,
LSI,,,,,,,
WTRG,,,,,,,
RYAN,,,,,,,
CRBG,,,,,,,
LII,,,,,,,
BWA,,,,,,,
BCH,,,,,,,
CNA,,,,,,,
RPM,,,,,,,
REXR,,,,,,,
TPL,,,,,,,
DPZ,,,,,,,
PSTG,,,,,,,
BIO,,,,,,,
ARMK,,,,,,,
OC,,,,,,,
AOS,,,,,,,
PAG,,,,,,,
QGEN,,,,,,,
CRL,,,,,,,
PATH,,,,,,,
MTN,,,,,,,
AU,,,,,,,
FND,,,,,,,
GL,,,,,,,
KEY,,,,,,,
WES,,,,,,,
UI,,,,,,,
TTC,,,,,,,
COTY,,,,,,,
UHAL,,,,,,,
CUBE,,,,,,,
CCK,,,,,,,
RBA,,,,,,,
ALLE,,,,,,,
DAR,,,,,,,
AFG,,,,,,,
CX,,,,,,,
SCI,,,,,,,
RNR,,,,,,,
PNR,,,,,,,
TPR,,,,,,,
CDAY,,,,,,,
VIPS,,,,,,,
NLY,,,,,,,
USFD,,,,,,,
BBWI,,,,,,,
EMN,,,,,,,
AEG,,,,,,,
FNF,,,,,,,
KEP,,,,,,,
RGA,,,,,,,
RRX,,,,,,,
JNPR,,,,,,,
YPF,,,,,,,
UHS,,,,,,,
RDY,,,,,,,
BURL,,,,,,,
TFII,,,,,,,
EQH,,,,,,,
OVV,,,,,,,
VST,,,,,,,
KNX,,,,,,,
AGCO,,,,,,,
PNW,,,,,,,
PAC,,,,,,,
ONON,,,,,,,
DVA,,,,,,,
PCOR,,,,,,,
GGB,,,,,,,
UNM,,,,,,,
BSAC,,,,,,,
SNX,,,,,,,
INSP,,,,,,,
BKI,,,,,,,
DINO,,,,,,,
PFGC,,,,,,,
DCP,,,,,,,
HII,,,,,,,
MTZ,,,,,,,
AGL,,,,,,,
KBR,,,,,,,
CNM,,,,,,,
ALLY,,,,,,,
ASR,,,,,,,
SSL,,,,,,,
CLH,,,,,,,
FBIN,,,,,,,
BJ,,,,,,,
BXP,,,,,,,
WMS,,,,,,,
CLF,,,,,,,
EME,,,,,,,
SKM,,,,,,,
SKX,,,,,,,
TEVA,,,,,,,
BSMX,,,,,,,
TX,,,,,,,
KNSL,,,,,,,
TOL,,,,,,,
WSM,,,,,,,
CHE,,,,,,,
GPK,,,,,,,
COLD,,,,,,,
LEA,,,,,,,
DLB,,,,,,,
WCC,,,,,,,
NNN,,,,,,,
NVT,,,,,,,
WHR,,,,,,,
VRT,,,,,,,
RHI,,,,,,,
NYCB,,,,,,,
NRG,,,,,,,
FRT,,,,,,,
STVN,,,,,,,
WRK,,,,,,,
RL,,,,,,,
VFC,,,,,,,
ALV,,,,,,,
THC,,,,,,,
EGP,,,,,,,
WEX,,,,,,,
ARW,,,,,,,
ATR,,,,,,,
HR,,,,,,,
SBS,,,,,,,
ORI,,,,,,,
BERY,,,,,,,
GXO,,,,,,,
GLOB,,,,,,,
DCI,,,,,,,
PSO,,,,,,,
BLD,,,,,,,
WWE,,,,,,,
OHI,,,,,,,
OGE,,,,,,,
XPEV,,,,,,,
IVZ,,,,,,,
JEF,,,,,,,
NCLH,,,,,,,
YMM,,,,,,,
JLL,,,,,,,
TIMB,,,,,,,
GNRC,,,,,,,
EDU,,,,,,,
CACI,,,,,,,
ITT,,,,,,,
LAD,,,,,,,
HESM,,,,,,,
VOYA,,,,,,,
INGR,,,,,,,
CFR,,,,,,,
FR,,,,,,,
AXTA,,,,,,,
CIB,,,,,,,
WBS,,,,,,,
ICL,,,,,,,
STN,,,,,,,
BYD,,,,,,,
G,,,,,,,
RRC,,,,,,,
PRI,,,,,,,
EDR,,,,,,,
WF,,,,,,,
ST,,,,,,,
SITE,,,,,,,
CAE,,,,,,,
ESTC,,,,,,,
OLN,,,,,,,
PII,,,,,,,
AIZ,,,,,,,
CW,,,,,,,
CTLT,,,,,,,
TPX,,,,,,,
FTI,,,,,,,
CSAN,,,,,,,
WOLF,,,,,,,
AN,,,,,,,
GME,,,,,,,
STAG,,,,,,,
BLCO,,,,,,,
FCN,,,,,,,
AR,,,,,,,
BRX,,,,,,,
VVV,,,,,,,
CIEN,,,,,,,
EHC,,,,,,,
TREX,,,,,,,
MHK,,,,,,,
IGT,,,,,,,
AA,,,,,,,
GOL,,,,,,,
RBC,,,,,,,
WH,,,,,,,
HXL,,,,,,,
DOCS,,,,,,,
ALK,,,,,,,
NOV,,,,,,,
FHN,,,,,,,
SF,,,,,,,
HLI,,,,,,,
MUSA,,,,,,,
SON,,,,,,,
UGI,,,,,,,
ADC,,,,,,,
WFG,,,,,,,
NYT,,,,,,,
MTDR,,,,,,,
STWD,,,,,,,
W,,,,,,,
MUR,,,,,,,
TKR,,,,,,,
CWEN,,,,,,,
BEPC,,,,,,,
PLNT,,,,,,,
CHH,,,,,,,
BC,,,,,,,
RLI,,,,,,,
CIG,,,,,,,
AQN,,,,,,,
DV,,,,,,,
GWRE,,,,,,,
EXP,,,,,,,
BWXT,,,,,,,
KGC,,,,,,,
VMI,,,,,,,
WTS,,,,,,,
PR,,,,,,,
FAF,,,,,,,
RH,,,,,,,
MSA,,,,,,,
KT,,,,,,,
APG,,,,,,,
CIVI,,,,,,,
SWN,,,,,,,
PB,,,,,,,
XPO,,,,,,,
ADT,,,,,,,
GMED,,,,,,,
TNET,,,,,,,
PAAS,,,,,,,
CLVT,,,,,,,
FIX,,,,,,,
UNVR,,,,,,,
SEE,,,,,,,
ELF,,,,,,,
GTLS,,,,,,,
CMA,,,,,,,
SRC,,,,,,,
SAIC,,,,,,,
FOUR,,,,,,,
MNSO,,,,,,,
NE,,,,,,,
NEP,,,,,,,
SSD,,,,,,,
DXC,,,,,,,
FSK,,,,,,,
POST,,,,,,,
HGTY,,,,,,,
OSK,,,,,,,
LEVI,,,,,,,
MPW,,,,,,,
ONTO,,,,,,,
DDS,,,,,,,
NVST,,,,,,,
CMC,,,,,,,
AIRC,,,,,,,
MSM,,,,,,,
AMG,,,,,,,
IDA,,,,,,,
FLO,,,,,,,
WK,,,,,,,
ATKR,,,,,,,
ORCC,,,,,,,
SMAR,,,,,,,
BIPC,,,,,,,
NSA,,,,,,,
ORA,,,,,,,
PVH,,,,,,,
GIL,,,,,,,
BFAM,,,,,,,
AM,,,,,,,
RHP,,,,,,,
COHR,,,,,,,
PBF,,,,,,,
HGV,,,,,,,
AIT,,,,,,,
MGY,,,,,,,
OMF,,,,,,,
INFA,,,,,,,
SBSW,,,,,,,
SLGN,,,,,,,
AYI,,,,,,,
OGN,,,,,,,
MMS,,,,,,,
TRNO,,,,,,,
X,,,,,,,
TMHC,,,,,,,
ATI,,,,,,,
HOG,,,,,,,
ESNT,,,,,,,
ALIT,,,,,,,
THO,,,,,,,
CC,,,,,,,
AGI,,,,,,,
TDC,,,,,,,
ABG,,,,,,,
PSN,,,,,,,
ENLC,,,,,,,
PHI,,,,,,,
ASAN,,,,,,,
CWAN,,,,,,,
NJR,,,,,,,
RIG,,,,,,,
ALSN,,,,,,,
SNDR,,,,,,,
MLI,,,,,,,
VNT,,,,,,,
VAC,,,,,,,
NFG,,,,,,,
NEWR,,,,,,,
HRB,,,,,,,
POR,,,,,,,
BRBR,,,,,,,
HOMB,,,,,,,
FLS,,,,,,,
MTH,,,,,,,
NSP,,,,,,,
DTM,,,,,,,
LTHM,,,,,,,
DNB,,,,,,,
DEN,,,,,,,
HUN,,,,,,,
VAL,,,,,,,
AL,,,,,,,
JHG,,,,,,,
LPX,,,,,,,
KRG,,,,,,,
AXS,,,,,,,
TRTN,,,,,,,
OGS,,,,,,,
KEX,,,,,,,
SNV,,,,,,,
LPL,,,,,,,
ELAN,,,,,,,
MTG,,,,,,,
ASH,,,,,,,
ESI,,,,,,,
CR,,,,,,,
EVR,,,,,,,
PRGO,,,,,,,
RYN,,,,,,,
CPRI,,,,,,,
HAE,,,,,,,
ZWS,,,,,,,
ATCO,,,,,,,
WU,,,,,,,
SWX,,,,,,,
GATX,,,,,,,
ENIC,,,,,,,
BMI,,,,,,,
AJRD,,,,,,,
CPA,,,,,,,
WAL,,,,,,,
TIXT,,,,,,,
ATS,,,,,,,
S,,,,,,,
LEG,,,,,,,
FNB,,,,,,,
RITM,,,,,,,
M,,,,,,,
ENS,,,,,,,
FLR,,,,,,,
PAM,,,,,,,
MSGS,,,,,,,
NTCO,,,,,,,
BKH,,,,,,,
MDU,,,,,,,
AMN,,,,,,,
BOX,,,,,,,
HE,,,,,,,
CBT,,,,,,,
JOBY,,,,,,,
AI,,,,,,,
RDN,,,,,,,
STR,,,,,,,
ETRN,,,,,,,
THG,,,,,,,
IRT,,,,,,,
SQSP,,,,,,,
FN,,,,,,,
SAM,,,,,,,
SUM,,,,,,,
CNMD,,,,,,,
AZEK,,,,,,,
PNM,,,,,,,
MAXR,,,,,,,
LTH,,,,,,,
TDOC,,,,,,,
BAK,,,,,,,
TGS,,,,,,,
KBH,,,,,,,
BDC,,,,,,,
TAL,,,,,,,
LNC,,,,,,,
MP,,,,,,,
AB,,,,,,,
HHC,,,,,,,
AAP,,,,,,,
ESAB,,,,,,,
NEU,,,,,,,
CVNA,,,,,,,
UGP,,,,,,,
AMC,,,,,,,
MAN,,,,,,,
R,,,,,,,
SPXC,,,,,,,
VSH,,,,,,,
CABO,,,,,,,
WTM,,,,,,,
DOCN,,,,,,,
GBCI,,,,,,,
CPG,,,,,,,
TEX,,,,,,,
JBT,,,,,,,
CADE,,,,,,,
PWSC,,,,,,,
NNI,,,,,,,
SUN,,,,,,,
SEAS,,,,,,,
ATHM,,,,,,,
FSS,,,,,,,
CXM,,,,,,,
TGNA,,,,,,,
EPRT,,,,,,,
KWR,,,,,,,
AMTD,,,,,,,
GTES,,,,,,,
SKY,,,,,,,
YOU,,,,,,,
WNS,,,,,,,
GBTG,,,,,,,
SEM,,,,,,,
HI,,,,,,,
FUL,,,,,,,
AVNT,,,,,,,
ASGN,,,,,,,
MODG,,,,,,,
APLE,,,,,,,
DOC,,,,,,,
SMG,,,,,,,
DNA,,,,,,,
SID,,,,,,,
LU,,,,,,,
HP,,,,,,,
EVH,,,,,,,
ALE,,,,,,,
SM,,,,,,,
ADNT,,,,,,,
SR,,,,,,,
INST,,,,,,,
ACA,,,,,,,
GEF,,,,,,,
MOG.A,,,,,,,
GEF.B,,,,,,,
NCR,,,,,,,
CS,,,,,,,
HRI,,,,,,,
KRC,,,,,,,
GPI,,,,,,,
BXMT,,,,,,,
IBP,,,,,,,
EURN,,,,,,,
TKC,,,,,,,
BSM,,,,,,,
GPS,,,,,,,
UNF,,,,,,,
ASAI,,,,,,,
OI,,,,,,,
CHPT,,,,,,,
AWR,,,,,,,
HL,,,,,,,
LAC,,,,,,,
EPR,,,,,,,
CALX,,,,,,,
FHI,,,,,,,
BCO,,,,,,,
GOLF,,,,,,,
SPR,,,,,,,
AEL,,,,,,,
SXT,,,,,,,
TEO,,,,,,,
TEO,,,,,,,
PAGS,,,,,,,
YETI,,,,,,,
MAIN,,,,,,,
PFSI,,,,,,,
DY,,,,,,,
MDC,,,,,,,
TPH,,,,,,,
UA,,,,,,,
FRO,,,,,,,
CUZ,,,,,,,
CWT,,,,,,,
RNG,,,,,,,
CXT,,,,,,,
MOG.B,,,,,,,
UAA,,,,,,,
AVA,,,,,,,
AGO,,,,,,,
ERF,,,,,,,
ABM,,,,,,,
BE,,,,,,,
BNL,,,,,,,
PK,,,,,,,
VNO,,,,,,,
ENOV,,,,,,,
KOS,,,,,,,
BCC,,,,,,,
TNL,,,,,,,
NOMD,,,,,,,
JWN,,,,,,,
LCII,,,,,,,
LXP,,,,,,,
NOG,,,,,,,
ESMT,,,,,,,
WOR,,,,,,,
SPB,,,,,,,
CNS,,,,,,,
AWI,,,,,,,
DQ,,,,,,,
BB,,,,,,,
OR,,,,,,,
MANU,,,,,,,
QS,,,,,,,
KMPR,,,,,,,
SHAK,,,,,,,
ZGN,,,,,,,
CCU,,,,,,,
SDRL,,,,,,,
CRC,,,,,,,
RLX,,,,,,,
ARNC,,,,,,,
ENV,,,,,,,
ERJ,,,,,,,
BUR,,,,,,,
CBU,,,,,,,
TV,,,,,,,
ROG,,,,,,,
AIN,,,,,,,
BMA,,,,,,,
PBH,,,,,,,
AVAL,,,,,,,
HMY,,,,,,,
BTU,,,,,,,
TFPM,,,,,,,
SIG,,,,,,,
CRK,,,,,,,
PJT,,,,,,,
KD,,,,,,,
GMS,,,,,,,
IHS,,,,,,,
MC,,,,,,,
TR,,,,,,,
GNW,,,,,,,
FG,,,,,,,
ITGR,,,,,,,
CEQP,,,,,,,
CNX,,,,,,,
AYX,,,,,,,
GHC,,,,,,,
CVI,,,,,,,
SITC,,,,,,,
THS,,,,,,,
MATX,,,,,,,
HASI,,,,,,,
OFC,,,,,,,
JOE,,,,,,,
KFY,,,,,,,
IFS,,,,,,,
MCW,,,,,,,
CNO,,,,,,,
CBZ,,,,,,,
NABL,,,,,,,
DAVA,,,,,,,
LAZ,,,,,,,
WHD,,,,,,,
MYOV,,,,,,,
RXO,,,,,,,
DEA,,,,,,,
TAC,,,,,,,
WD,,,,,,,
REZI,,,,,,,
ABR,,,,,,,
GRBK,,,,,,,
BHC,,,,,,,
DEI,,,,,,,
CRS,,,,,,,
ASB,,,,,,,
KAI,,,,,,,
OUT,,,,,,,
CRI,,,,,,,
STNG,,,,,,,
ESE,,,,,,,
AMRC,,,,,,,
TDW,,,,,,,
HIW,,,,,,,
BRC,,,,,,,
MAC,,,,,,,
NPO,,,,,,,
YELP,,,,,,,
JXN,,,,,,,
FL,,,,,,,
AKO.B,,,,,,,
APAM,,,,,,,
AX,,,,,,,
ENR,,,,,,,
LBRT,,,,,,,
MWA,,,,,,,
KSS,,,,,,,
SFBS,,,,,,,
HAYW,,,,,,,
SJW,,,,,,,
GETY,,,,,,,
KTB,,,,,,,
EVTC,,,,,,,
KW,,,,,,,
CSTM,,,,,,,
DKL,,,,,,,
NHI,,,,,,,
AGTI,,,,,,,
NXRT,,,,,,,
CPK,,,,,,,
WEBR,,,,,,,
DBRG,,,,,,,
KMT,,,,,,,
HEP,,,,,,,
AEO,,,,,,,
TCN,,,,,,,
SKT,,,,,,,
KNF,,,,,,,
FCPT,,,,,,,
EQC,,,,,,,
FBP,,,,,,,
AMBP,,,,,,,
SIX,,,,,,,
MTRN,,,,,,,
CCS,,,,,,,
ITCL,,,,,,,
AKO.A,,,,,,,
LGF.A,,,,,,,
CNK,,,,,,,
CEPU,,,,,,,
SHO,,,,,,,
BOOT,,,,,,,
AMK,,,,,,,
LSPD,,,,,,,
SCL,,,,,,,
AUB,,,,,,,
ALG,,,,,,,
FUN,,,,,,,
AMR,,,,,,,
EE,,,,,,,
DOOR,,,,,,,
FTCH,,,,,,,
EPC,,,,,,,
CEIX,,,,,,,
WLY,,,,,,,
HTGC,,,,,,,
EVEX,,,,,,,
BOWL,,,,,,,
VIST,,,,,,,
DAN,,,,,,,
IONQ,,,,,,,
FSLY,,,,,,,
HTH,,,,,,,
B,,,,,,,
ARCH,,,,,,,
MHO,,,,,,,
PRMW,,,,,,,
CPE,,,,,,,
NXE,,,,,,,
GFF,,,,,,,
TGLS,,,,,,,
PD,,,,,,,
XPRO,,,,,,,
NOVA,,,,,,,
JKS,,,,,,,
CWK,,,,,,,
HLIO,,,,,,,
PIPR,,,,,,,
DFH,,,,,,,
VGR,,,,,,,
USAC,,,,,,,
VET,,,,,,,
WGO,,,,,,,
IIPR,,,,,,,
NEX,,,,,,,
CTRE,,,,,,,
OSCR,,,,,,,
COUR,,,,,,,
LVWR,,,,,,,
NGVT,,,,,,,
BRFS,,,,,,,
NS,,,,,,,
MSGE,,,,,,,
AIR,,,,,,,
HIMS,,,,,,,
TROX,,,,,,,
BTE,,,,,,,
ZETA,,,,,,,
GPOR,,,,,,,
ARCO,,,,,,,
RC,,,,,,,
ESRT,,,,,,,
BVN,,,,,,,
MIR,,,,,,,
TRN,,,,,,,
ATGE,,,,,,,
HCC,,,,,,,
ESTE,,,,,,,
FSR,,,,,,,
MTX,,,,,,,
SLVM,,,,,,,
BOH,,,,,,,
BORR,,,,,,,
OII,,,,,,,
EGO,,,,,,,
GVA,,,,,,,
INSW,,,,,,,
SSTK,,,,,,,
UE,,,,,,,
LRN,,,,,,,
AESI,,,,,,,
PEB,,,,,,,
LUMN,,,,,,,
WMK,,,,,,,
DRH,,,,,,,
CVII,,,,,,,
NUS,,,,,,,
CAAP,,,,,,,
GTY,,,,,,,
FORG,,,,,,,
RLJ,,,,,,,
PHR,,,,,,,
KNTK,,,,,,,
YEXT,,,,,,,
COMP,,,,,,,
TALO,,,,,,,
BKU,,,,,,,
SXI,,,,,,,
JBGS,,,,,,,
MOD,,,,,,,
CTOS,,,,,,,
GOOS,,,,,,,
KAR,,,,,,,
VRE,,,,,,,
MCY,,,,,,,
SAVE,,,,,,,
ANF,,,,,,,
BKE,,,,,,,
CRGY,,,,,,,
SGHC,,,,,,,
ATMU,,,,,,,
SLG,,,,,,,
RFP,,,,,,,
RAMP,,,,,,,
VLRS,,,,,,,
TGH,,,,,,,
PGTI,,,,,,,
SAFE,,,,,,,
SAH,,,,,,,
RES,,,,,,,
BNRE,,,,,,,
MEI,,,,,,,
ZIM,,,,,,,
FLNG,,,,,,,
QTWO,,,,,,,
MLNK,,,,,,,
ENVA,,,,,,,
TSLX,,,,,,,
BROS,,,,,,,
PRG,,,,,,,
ZIP,,,,,,,
BRDG,,,,,,,
VSTO,,,,,,,
OMI,,,,,,,
SWI,,,,,,,
AGM.A,,,,,,,
USPH,,,,,,,
AG,,,,,,,
HBI,,,,,,,
SAND,,,,,,,
PRIM,,,,,,,
IVT,,,,,,,
ERO,,,,,,,
AGM,,,,,,,
AROC,,,,,,,
KN,,,,,,,
EPAC,,,,,,,
VRTV,,,,,,,
NWN,,,,,,,
DK,,,,,,,
LOMA,,,,,,,
NAPA,,,,,,,
ZUO,,,,,,,
CMTG,,,,,,,
EAT,,,,,,,
BHVN,,,,,,,
CNNE,,,,,,,
CLS,,,,,,,
ETWO,,,,,,,
CODI,,,,,,,
INT,,,,,,,
ARI,,,,,,,
OXM,,,,,,,
AAT,,,,,,,
FNA,,,,,,,
BBUC,,,,,,,
SPNT,,,,,,,
GSBD,,,,,,,
OEC,,,,,,,
BFH,,,,,,,
TNC,,,,,,,
AKR,,,,,,,
RCUS,,,,,,,
IAG,,,,,,,
XHR,,,,,,,
TARO,,,,,,,
FCF,,,,,,,
CTS,,,,,,,
PARR,,,,,,,
CMP,,,,,,,
BBU,,,,,,,
TDCX,,,,,,,
KRP,,,,,,,
AZUL,,,,,,,
JBI,,,,,,,
ELME,,,,,,,
VVX,,,,,,,
FBK,,,,,,,
EVRI,,,,,,,
RYI,,,,,,,
MBC,,,,,,,
ALEX,,,,,,,
LTC,,,,,,,
HPP,,,,,,,
NTB,,,,,,,
PRO,,,,,,,
FIGS,,,,,,,
WRBY,,,,,,,
LNN,,,,,,,
VSCO,,,,,,,
DFIN,,,,,,,
KEN,,,,,,,
PFS,,,,,,,
LMND,,,,,,,
UTZ,,,,,,,
PX,,,,,,,
VZIO,,,,,,,
PL,,,,,,,
LADR,,,,,,,
DAC,,,,,,,
DHT,,,,,,,
CGAU,,,,,,,
DOLE,,,,,,,
TWO,,,,,,,
MSC,,,,,,,
UNFI,,,,,,,
SBH,,,,,,,
FDP,,,,,,,
OFG,,,,,,,
USM,,,,,,,
JELD,,,,,,,
NOAH,,,,,,,
UVV,,,,,,,
HMN,,,,,,,
CWH,,,,,,,
DDD,,,,,,,
AIV,,,,,,,
MEG,,,,,,,
NBHC,,,,,,,
WNC,,,,,,,
XPOF,,,,,,,
HKD,,,,,,,
ECVT,,,,,,,
TNK,,,,,,,
HNI,,,,,,,
MODN,,,,,,,
LZB,,,,,,,
FINV,,,,,,,
CHGG,,,,,,,
CARS,,,,,,,
MMI,,,,,,,
DO,,,,,,,
HLF,,,,,,,
BFS,,,,,,,
GENI,,,,,,,
USNA,,,,,,,
HBM,,,,,,,
PAY,,,,,,,
CIM,,,,,,,
GEL,,,,,,,
EAF,,,,,,,
ATUS,,,,,,,
AVNS,,,,,,,
CLB,,,,,,,
STC,,,,,,,
SG,,,,,,,
SFL,,,,,,,
WWW,,,,,,,
MD,,,,,,,
FBRT,,,,,,,
NTST,,,,,,,
RVLV,,,,,,,
SSU,,,,,,,
OLO,,,,,,,
SPCE,,,,,,,
BRCC,,,,,,,
SHCO,,,,,,,
MFA,,,,,,,
PBT,,,,,,,
SA,,,,,,,
PMT,,,,,,,
KIND,,,,,,,
CMRE,,,,,,,
HLX,,,,,,,
GES,,,,,,,
LOB,,,,,,,
GNL,,,,,,,
NIC,,,,,,,
BBAR,,,,,,,
MPLN,,,,,,,
WT,,,,,,,
PGRE,,,,,,,
CDE,,,,,,,
GLP,,,,,,,
DNOW,,,,,,,
TUYA,,,,,,,
PRM,,,,,,,
CXW,,,,,,,
SEMR,,,,,,,
FOR,,,,,,,
EIG,,,,,,,
ATEN,,,,,,,
FVRR,,,,,,,
AHH,,,,,,,
FREY,,,,,,,
GRND,,,,,,,
ARGO,,,,,,,
FSM,,,,,,,
IMAX,,,,,,,
BHLB,,,,,,,
KRO,,,,,,,
GIC,,,,,,,
DRD,,,,,,,
EDN,,,,,,,
AGRO,,,,,,,
SLCA,,,,,,,
PAR,,,,,,,
ARR,,,,,,,
ASIX,,,,,,,
CSR,,,,,,,
DIN,,,,,,,
SBR,,,,,,,
LC,,,,,,,
GDOT,,,,,,,
NBR,,,,,,,
AZZ,,,,,,,
UMH,,,,,,,
OBK,,,,,,,
CIR,,,,,,,
BGS,,,,,,,
GBX,,,,,,,
NVGS,,,,,,,
SPH,,,,,,,
LPG,,,,,,,
PLYM,,,,,,,
IRS,,,,,,,
ALX,,,,,,,
BSIG,,,,,,,
GEO,,,,,,,
MATV,,,,,,,
WTTR,,,,,,,
GB,,,,,,,
SPLP,,,,,,,
RGR,,,,,,,
CBD,,,,,,,
PRLB,,,,,,,
CHCT,,,,,,,
HY,,,,,,,
LICY,,,,,,,
STEM,,,,,,,
UAN,,,,,,,
AXL,,,,,,,
RPT,,,,,,,
NX,,,,,,,
PUMP,,,,,,,
ARIS,,,,,,,
CUBI,,,,,,,
SPHR,,,,,,,
WDH,,,,,,,
EFC,,,,,,,
BHE,,,,,,,
DRQ,,,,,,,
MED,,,,,,,
UTL,,,,,,,
ACEL,,,,,,,
ARLO,,,,,,,
PDM,,,,,,,
NVRO,,,,,,,
SII,,,,,,,
BXC,,,,,,,
BCSF,,,,,,,
VTLE,,,,,,,
BRSP,,,,,,,
THR,,,,,,,
BBDC,,,,,,,
KREF,,,,,,,
GRNT,,,,,,,
VTEX,,,,,,,
TMST,,,,,,,
EVA,,,,,,,
RSKD,,,,,,,
CAL,,,,,,,
SCS,,,,,,,
TDS,,,,,,,
AMPS,,,,,,,
MRC,,,,,,,
UBA,,,,,,,
UBP,,,,,,,
SMP,,,,,,,
HUYA,,,,,,,
AC,,,,,,,
EB,,,,,,,
TGI,,,,,,,
WLKP,,,,,,,
EOCW,,,,,,,
REVG,,,,,,,
CINT,,,,,,,
LXU,,,,,,,
AMPX,,,,,,,
HRT,,,,,,,
GOTU,,,,,,,
NAT,,,,,,,
PRA,,,,,,,
CBL,,,,,,,
BDN,,,,,,,
UP,,,,,,,
ACHR,,,,,,,
INN,,,,,,,
AAC,,,,,,,
BKD,,,,,,,
MYE,,,,,,,
DLX,,,,,,,
BLX,,,,,,,
GTN,,,,,,,
AMRX,,,,,,,
EFXT,,,,,,,
CDRE,,,,,,,
CAPL,,,,,,,
BANC,,,,,,,
HZO,,,,,,,
BY,,,,,,,
RWT,,,,,,,
BALY,,,,,,,
VTS,,,,,,,
HOUS,,,,,,,
PGRU,,,,,,,
IDT,,,,,,,
ZH,,,,,,,
ETD,,,,,,,
DM,,,,,,,
CCVI,,,,,,,
NEXA,,,,,,,
CHS,,,,,,,
GRC,,,,,,,
BZH,,,,,,,
YALA,,,,,,,
HSC,,,,,,,
PLOW,,,,,,,
CLCO,,,,,,,
TWI,,,,,,,
SMRT,,,,,,,
AMWL,,,,,,,
BV,,,,,,,
CANO,,,,,,,
WOW,,,,,,,
VTOL,,,,,,,
KOP,,,,,,,
GSL,,,,,,,
RSI,,,,,,,
LANV,,,,,,,
RERE,,,,,,,
ALCC,,,,,,,
LDI,,,,,,,
UHT,,,,,,,
EHAB,,,,,,,
KAMN,,,,,,,
SES,,,,,,,
DCO,,,,,,,
TXO,,,,,,,
DX,,,,,,,
ECC,,,,,,,
CCO,,,,,,,
NMM,,,,,,,
PBI,,,,,,,
GMRE,,,,,,,
BOC,,,,,,,
AORT,,,,,,,
AMBC,,,,,,,
SXC,,,,,,,
ENFN,,,,,,,
PSFE,,,,,,,
FPI,,,,,,,
PDS,,,,,,,
ALLG,,,,,,,
IIIN,,,,,,,
BH,,,,,,,
GHLD,,,,,,,
MTW,,,,,,,
DAO,,,,,,,
EXK,,,,,,,
WTI,,,,,,,
NRP,,,,,,,
GPRK,,,,,,,
DDL,,,,,,,
MOV,,,,,,,
AGX,,,,,,,
SBOW,,,,,,,
GNK,,,,,,,
PERF,,,,,,,
EGLE,,,,,,,
REX,,,,,,,
RMAX,,,,,,,
SMR,,,,,,,
YSG,,,,,,,
NPK,,,,,,,
WBX,,,,,,,
MPX,,,,,,,
AACT,,,,,,,
TRTX,,,,,,,
CION,,,,,,,
TBI,,,,,,,
DBI,,,,,,,
TK,,,,,,,
BVH,,,,,,,
SD,,,,,,,
RONI,,,,,,,
CLW,,,,,,,
MAX,,,,,,,
EBF,,,,,,,
PFLT,,,,,,,
VVI,,,,,,,
ACRE,,,,,,,
FUBO,,,,,,,
TSE,,,,,,,
AVD,,,,,,,
ASPN,,,,,,,
SGU,,,,,,,
BW,,,,,,,
SMWB,,,,,,,
TNP,,,,,,,
WEAV,,,,,,,
FC,,,,,,,
MCS,,,,,,,
NOA,,,,,,,
SST,,,,,,,
COOK,,,,,,,
VPG,,,,,,,
SRI,,,,,,,
SIRE,,,,,,,
ASC,,,,,,,
CYH,,,,,,,
ACCO,,,,,,,
ALTG,,,,,,,
CLDT,,,,,,,
HCI,,,,,,,
NGL,,,,,,,
UVE,,,,,,,
XPER,,,,,,,
LND,,,,,,,
SRG,,,,,,,
HOV,,,,,,,
CRD.B,,,,,,,
TRC,,,,,,,
EVC,,,,,,,
CRD.A,,,,,,,
LAW,,,,,,,
OIS,,,,,,,
MX,,,,,,,
MBI,,,,,,,
HVT,,,,,,,
WSR,,,,,,,
LEV,,,,,,,
CPAC,,,,,,,
DESP,,,,,,,
BFAC,,,,,,,
OLP,,,,,,,
AAN,,,,,,,
QD,,,,,,,
NFYS,,,,,,,
LXFR,,,,,,,
CPF,,,,,,,
BFLY,,,,,,,
MTVC,,,,,,,
EGY,,,,,,,
TRTL,,,,,,,
SKE,,,,,,,
ACRO,,,,,,,
GLOP,,,,,,,
IVR,,,,,,,
DSX,,,,,,,
GHG,,,,,,,
SUAC,,,,,,,
OPY,,,,,,,
HLLY,,,,,,,
EBS,,,,,,,
KODK,,,,,,,
SUPV,,,,,,,
CSV,,,,,,,
TPVG,,,,,,,
TPB,,,,,,,
MLR,,,,,,,
NETI,,,,,,,
EVTL,,,,,,,
MCB,,,,,,,
RRAC,,,,,,,
CO,,,,,,,
ORC,,,,,,,
FF,,,,,,,
VHI,,,,,,,
SJT,,,,,,,
NRGV,,,,,,,
MBSC,,,,,,,
HIPO,,,,,,,
CYD,,,,,,,
SB,,,,,,,
SOI,,,,,,,
EQBK,,,,,,,
TTI,,,,,,,
NUVB,,,,,,,
PNNT,,,,,,,
GOGN,,,,,,,
ML,,,,,,,
CTO,,,,,,,
CXAC,,,,,,,
ODV,,,,,,,
MUX,,,,,,,
BRT,,,,,,,
NR,,,,,,,
VEL,,,,,,,
GHI,,,,,,,
APRN,,,,,,,
PSTL,,,,,,,
NETC,,,,,,,
ATEK,,,,,,,
ONL,,,,,,,
KCGI,,,,,,,
EVE,,,,,,,
NFNT,,,,,,,
PACI,,,,,,,
GNE,,,,,,,
APGB,,,,,,,
BHR,,,,,,,
NOTE,,,,,,,
PACK,,,,,,,
CNDA,,,,,,,
VLD,,,,,,,
FPH,,,,,,,
ONTF,,,,,,,
GBLI,,,,,,,
TPC,,,,,,,
JMIA,,,,,,,
NREF,,,,,,,
MYTE,,,,,,,
MTAL,,,,,,,
OOMA,,,,,,,
SAR,,,,,,,
USX,,,,,,,
TCI,,,,,,,
TYG,,,,,,,
CPUH,,,,,,,
AFTR,,,,,,,
CVEO,,,,,,,
ARL,,,,,,,
FRGE,,,,,,,
BBW,,,,,,,
HYLN,,,,,,,
DNMR,,,,,,,
STET,,,,,,,
GNTY,,,,,,,
NRDY,,,,,,,
GCI,,,,,,,
GATO,,,,,,,
AEVA,,,,,,,
QUOT,,,,,,,
GAQ,,,,,,,
CORS,,,,,,,
ASA,,,,,,,
WNNR,,,,,,,
NVTA,,,,,,,
BBAI,,,,,,,
OSG,,,,,,,
PORT,,,,,,,
DTC,,,,,,,
KNSW,,,,,,,
SCUA,,,,,,,
TRIS,,,,,,,
BRD,,,,,,,
LCW,,,,,,,
MEC,,,,,,,
PGSS,,,,,,,
RM,,,,,,,
RNGR,,,,,,,
NL,,,,,,,
UIS,,,,,,,
QBTS,,,,,,,
EGGF,,,,,,,
SCM,,,,,,,
SLQT,,,,,,,
IPI,,,,,,,
RJAC,,,,,,,
RYAM,,,,,,,
AMPY,,,,,,,
ZVIA,,,,,,,
ODC,,,,,,,
PKE,,,,,,,
BHIL,,,,,,,
WAVC,,,,,,,
RBOT,,,,,,,
CCV,,,,,,,
MSB,,,,,,,
GHL,,,,,,,
SHAP,,,,,,,
GPMT,,,,,,,
GCO,,,,,,,
SMHI,,,,,,,
NC,,,,,,,
MLP,,,,,,,
FET,,,,,,,
HT,,,,,,,
NGVC,,,,,,,
TG,,,,,,,
SEDA,,,,,,,
BKSY,,,,,,,
OPAD,,,,,,,
LOCC,,,,,,,
CURV,,,,,,,
HMA,,,,,,,
EEX,,,,,,,
PINE,,,,,,,
BLND,,,,,,,
OPFI,,,,,,,
SOL,,,,,,,
OUST,,,,,,,
VLN,,,,,,,
CLPR,,,,,,,
JILL,,,,,,,
SCU,,,,,,,
CIAN,,,,,,,
DOUG,,,,,,,
SKLZ,,,,,,,
ICNC,,,,,,,
KFS,,,,,,,
APCA,,,,,,,
MNTN,,,,,,,
UTI,,,,,,,
OCN,,,,,,,
SKIL,,,,,,,
AGS,,,,,,,
MG,,,,,,,
BOAC,,,,,,,
LLAP,,,,,,,
TCOA,,,,,,,
CCRD,,,,,,,
GFOR,,,,,,,
CLBR,,,,,,,
BSAQ,,,,,,,
FACT,,,,,,,
CIO,,,,,,,
IRRX,,,,,,,
PRPC,,,,,,,
YRD,,,,,,,
GWH,,,,,,,
CPS,,,,,,,
CNF,,,,,,,
BIG,,,,,,,
PHYT,,,,,,,
QUAD,,,,,,,
ADCT,,,,,,,
RCFA,,,,,,,
NMG,,,,,,,
TLYS,,,,,,,
AOMR,,,,,,,
BARK,,,,,,,
MKFG,,,,,,,
KNOP,,,,,,,
XYF,,,,,,,
GSQB,,,,,,,
TSQ,,,,,,,
DHX,,,,,,,
HSHP,,,,,,,
CTV,,,,,,,
FSNB,,,,,,,
HHLA,,,,,,,
CATO,,,,,,,
TCS,,,,,,,
IFIN,,,,,,,
AGAC,,,,,,,
SMLP,,,,,,,
RDW,,,,,,,
AENZ,,,,,,,
FLME,,,,,,,
VCXB,,,,,,,
FOA,,,,,,,
CANG,,,,,,,
MIXT,,,,,,,
ROSS,,,,,,,
WEL,,,,,,,
AHT,,,,,,,
GLT,,,,,,,
VLTA,,,,,,,
MBAC,,,,,,,
IH,,,,,,,
LHC,,,,,,,
BODY,,,,,,,
WE,,,,,,,
LL,,,,,,,
NSTD,,,,,,,
OCFT,,,,,,,
CRT,,,,,,,
AZRE,,,,,,,
HBB,,,,,,,
NSTC,,,,,,,
LITB,,,,,,,
UFI,,,,,,,
GHM,,,,,,,
TLGA,,,,,,,
PIAI,,,,,,,
FRXB,,,,,,,
VOC,,,,,,,
AJX,,,,,,,
NGS,,,,,,,
ARC,,,,,,,
CNDB,,,,,,,
FZT,,,,,,,
GFX,,,,,,,
CHMI,,,,,,,
HRTG,,,,,,,
CSTA,,,,,,,
SPRU,,,,,,,
SQNS,,,,,,,
ANVS,,,,,,,
WHG,,,,,,,
BKKT,,,,,,,
KORE,,,,,,,
JUN,,,,,,,
BMAC,,,,,,,
NINE,,,,,,,
OPA,,,,,,,
AAIC,,,,,,,
VATE,,,,,,,
MITT,,,,,,,
DSAQ,,,,,,,
SRT,,,,,,,
TRCA,,,,,,,
BYN,,,,,,,
BPT,,,,,,,
CPTK,,,,,,,
CIA,,,,,,,
NRT,,,,,,,
PHX,,,,,,,
ENZ,,,,,,,
QFTA,,,,,,,
MDV,,,,,,,
RAD,,,,,,,
TWOA,,,,,,,
SUP,,,,,,,
EIC,,,,,,,
BGSF,,,,,,,
SPIR,,,,,,,
HWKZ,,,,,,,
DLNG,,,,,,,
LFT,,,,,,,
EARN,,,,,,,
SRL,,,,,,,
RBT,,,,,,,
DOMA,,,,,,,
OSI,,,,,,,
ORN,,,,,,,
BHG,,,,,,,
PVL,,,,,,,
ATAQ,,,,,,,
SBXC,,,,,,,
AXR,,,,,,,
SCX,,,,,,,
FXLV,,,,,,,
NTZ,,,,,,,
ACR,,,,,,,
ZEPP,,,,,,,
SNDA,,,,,,,
CURO,,,,,,,
MRDB,,,,,,,
AKA,,,,,,,
GROV,,,,,,,
CCM,,,,,,,
AP,,,,,,,
BNED,,,,,,,
SONX,,,,,,,
CULP,,,,,,,
CMCM,,,,,,,
VNCE,,,,,,,
ELVT,,,,,,,
PRT,,,,,,,
FTK,,,,,,,
CZOO,,,,,,,
RFL,,,,,,,
WMC,,,,,,,
SUNL,,,,,,,
VIAO,,,,,,,
GETR,,,,,,,
FATH,,,,,,,
RGS,,,,,,,
BEDU,,,,,,,
MTR,,,,,,,
STG,,,,,,,
BEST,,,,,,,
EXPR,,,,,,,
HLGN,,,,,,,
NLS,,,,,,,
ICD,,,,,,,
LOCL,,,,,,,
CGA,,,,,,,
KLR,,,,,,,
TUP,,,,,,,
NM,,,,,,,
USDP,,,,,,,
ATIP,,,,,,,
TISI,,,,,,,
BTCM,,,,,,,
VHC,,,,,,,
VAPO,,,,,,,
BQ,,,,,,,
BRDS,,,,,,,
FENG,,,,,,,
JT,,,,,,,
ATTO,,,,,,,
SOS,,,,,,,
RENN,,,,,,,
UPH,,,,,,,
LEJU,,,,,,,
SHPW,,,,,,,
OWLT,,,,,,,
KUKE,,,,,,,
EQS,,,,,,,
ZEV,,,,,,,
MOGU,,,,,,,
GEHI,,,,,,,
IRNT,,,,,,,
NYC,,,,,,,
FEDU,,,,,,,
CORR,,,,,,,
XIN,,,,,,,
SQZ,,,,,,,
BBLN,,,,,,,
DMS,,,,,,,